ID,name,createdAt,createdBy,modifiedAt,modifiedBy
15684530-920f-4bdb-8671-af4809fe5704,name-15684530,2011-01-11T00:00:00.000Z,createdBy.9c69e@example.net,2002-07-20T00:00:00.000Z,modifiedBy.9c69e@example.com
18060168-440d-4b38-8bd2-98615eedcb04,name-18060168,2002-08-04T00:00:00.000Z,createdBy.ar3bc@example.com,2013-02-24T00:00:00.000Z,modifiedBy.ar3bc@example.com
18060169-3279-4d3b-9214-5b5fe4ab7c54,name-18060169,2016-10-19T00:00:00.000Z,createdBy.ar3bd@example.org,2001-06-13T00:00:00.000Z,modifiedBy.ar3bd@example.org
18060170-067a-4334-acd6-5cc4fc9ed767,name-18060170,2001-02-25T00:00:00.000Z,createdBy.ar3be@example.org,2018-08-27T00:00:00.000Z,modifiedBy.ar3be@example.org
18060171-6e91-4f33-a781-386a0a813751,name-18060171,2016-12-19T00:00:00.000Z,createdBy.ar3bf@example.org,2004-02-18T00:00:00.000Z,modifiedBy.ar3bf@example.com
18060172-3745-4937-a1ed-832301d50efb,name-18060172,2023-03-23T00:00:00.000Z,createdBy.ar3bg@example.net,2012-02-02T00:00:00.000Z,modifiedBy.ar3bg@example.org
18060173-aebd-4155-9cd6-c1d89ebab058,name-18060173,2016-04-26T00:00:00.000Z,createdBy.ar3bh@example.net,2023-07-16T00:00:00.000Z,modifiedBy.ar3bh@example.org
18060174-709e-49b6-a3b7-5a34e4a3353a,name-18060174,2008-09-09T00:00:00.000Z,createdBy.ar3bi@example.org,2001-04-25T00:00:00.000Z,modifiedBy.ar3bi@example.net
18060175-ecd1-4497-a8a0-a12a400f8758,name-18060175,2004-05-10T00:00:00.000Z,createdBy.ar3bj@example.com,2016-08-12T00:00:00.000Z,modifiedBy.ar3bj@example.org
18060176-794b-45b1-b8ee-8acce3d59971,name-18060176,2000-01-08T00:00:00.000Z,createdBy.ar3bk@example.com,2017-08-18T00:00:00.000Z,modifiedBy.ar3bk@example.com
